graph,batch_deletions_fraction,batch_insertions_fraction,batch_fraction,sta-t,nai-t,tra-t,fro-t,frop-t,sta-e,nai-e,tra-e,fro-e,frop-e
asia_osm,0.00000005,0.00000005,0.0000001,1188.932917,58.68409534,5.860678865,5.322133616,5.129243758,0.000195,0,#NUM!,0,0
asia_osm,0.0000005,0.0000005,0.000001,1361.091098,1069.431325,1261.295782,16.34331012,12.26427601,0.000195,0.000000005973961235,0.000000006101760667,0.00000001281,0.00000001161
asia_osm,0.000005,0.000005,0.00001,1390.757459,1775.378614,1836.380523,25.38800558,48.93337885,0.000195,0.000000007482544103,0.000000007462262944,0.0000000072,0.00000006051
asia_osm,0.00005,0.00005,0.0001,1384.640164,1820.956744,1881.762253,158.5580056,245.2048927,0.000195,0.00000006579834008,0.00000006581682635,0.00000006201,0.00000041301
asia_osm,0.0005,0.0005,0.001,1472.39788,1966.698014,2037.735425,616.5799057,596.0075484,0.000199,0.0000005909485842,0.0000005906200969,0.00000058201,0.00000383001
asia_osm,0.005,0.005,0.01,1520.337501,2035.015001,2145.726955,1774.375899,830.8868404,0.0002175353569,0.000004512793225,0.000004512793225,0.00000420001,0.00002050001
asia_osm,0.05,0.05,0.1,1798.942662,2399.008755,2376.913928,2546.594688,1236.93264,0.000326,0.0000250666223,0.0000250666223,0.00002510001,0.00002300001