graph,batch_deletions_fraction,batch_insertions_fraction,batch_fraction,sta-t,nai-t,tra-t,fro-t,frop-t,sta-e,nai-e,tra-e,fro-e,frop-e
com-Orkut,0.00000005,0.00000005,0.0000001,10931.2409,868.4075318,1658.559979,1257.080368,1290.397381,0.00000372,0.00000005879132255,0.00000005723068105,0.00000012601,0.00000020401
com-Orkut,0.0000005,0.0000005,0.000001,11366.08978,5513.409334,6208.927767,7214.328094,1769.989226,0.00000372,0.000000003315667645,0.000000003315667645,0.000000000585,0.00000031201
com-Orkut,0.000005,0.000005,0.00001,9525.506283,8643.777602,8925.430391,11371.45711,2728.227924,0.00000372,0.000000003798917513,0.000000003798917513,0.00000000297,0.00000064001
com-Orkut,0.00005,0.00005,0.0001,11892.65104,10062.67754,11317.63426,13691.41345,4645.480271,0.00000374,0.00000003144627577,0.00000003140866057,0.00000003241,0.00000116001
com-Orkut,0.0005,0.0005,0.001,12183.09398,10085.40839,23448.00251,14693.0965,7681.113953,0.00000392,0.0000003248341939,0.0000003248341939,0.00000033901,0.00000125001
com-Orkut,0.005,0.005,0.01,13507.8025,10803.32353,109349.0204,15811.70525,11412.60382,0.00000366,0.000002186478358,0.000002186478358,0.00000219001,0.00000140001
com-Orkut,0.05,0.05,0.1,12618.96305,10294.42278,770867.6632,17141.48464,14423.85891,0.0000028,0.0000006569629053,0.0000006669859707,0.00000066801,0.00000089001