graph,batch_deletions_fraction,batch_insertions_fraction,batch_fraction,sta-t,nai-t,tra-t,fro-t,frop-t,sta-e,nai-e,tra-e,fro-e,frop-e
arabic-2005,0.00000002,0.00000008,0.0000001,13428.63811,4558.593039,6400.308579,1504.24702,1381.77452,0.000000181,0.000000005932521737,0.000000005881294295,0.00000000211,0.00000002771
arabic-2005,0.0000002,0.0000008,0.000001,12588.75755,6413.320002,7012.210209,3955.527466,2282.068596,0.000000181,0.000000008674281736,0.000000008610026884,0.00000000556,0.00000003751
arabic-2005,0.000002,0.000008,0.00001,12037.85028,7454.457806,8030.063246,8142.71586,4013.176042,0.000000181,0.00000001309796756,0.00000001307636338,0.00000000567,0.00000006141
arabic-2005,0.00002,0.00008,0.0001,11850.45495,9308.176395,9844.571964,12466.57053,5816.990265,0.0000001823327247,0.00000001737877361,0.00000001645540059,0.00000002041,0.00000011401
arabic-2005,0.0002,0.0008,0.001,12239.31363,10903.53804,12304.82347,15725.04644,7716.113594,0.0000001959982993,0.00000003746499133,0.0000000375038844,0.00000002961,0.00000010701
arabic-2005,0.002,0.008,0.01,15344.25353,15106.11458,25509.91859,22431.60169,10811.08729,0.0000001703132402,0.00000006036350898,0.00000006036350898,0.00000006401,0.00000034201
arabic-2005,0.02,0.08,0.1,62188.73574,59531.76412,163998.96,78124.22982,38741.88854,0.00000002476787811,0.00000001581402509,0.00000001580160615,0.00000002821,0.00000036001