graph,batch_deletions_fraction,batch_insertions_fraction,batch_fraction,sta-t,nai-t,tra-t,fro-t,frop-t,sta-e,nai-e,tra-e,fro-e,frop-e
sk-2005,0.00000002,0.00000008,0.0000001,44560.37521,9290.325215,11865.98642,5619.057046,3615.891163,0.0000000326,0.00000001383891557,0.00000001387533001,0.00000001731,0.00000003431
sk-2005,0.0000002,0.0000008,0.000001,46650.41572,20137.35746,22450.25521,19578.82123,9304.524222,0.0000000326,0.000000009103431464,0.000000009101799749,0.00000000627,0.00000004111
sk-2005,0.000002,0.000008,0.00001,45160.51107,33501.87159,34865.42569,38026.67479,14559.11717,0.00000003253319653,0.000000003407337499,0.000000003394980772,0.00000000123,0.00000010201
sk-2005,0.00002,0.00008,0.0001,46199.21659,35300.19143,37336.4161,45635.90405,21157.70876,0.00000003283319779,0.000000009774241672,0.000000009892977879,0.00000000661,0.00000003581
sk-2005,0.0002,0.0008,0.001,45616.64725,40295.09493,50515.50566,55149.79416,27453.40985,0.00000003589972093,0.00000001611839262,0.00000001615366274,0.00000001901,0.00000007551
sk-2005,0.002,0.008,0.01,53148.83081,53832.49986,138258.0302,72497.49587,36551.15719,0.0000000413724764,0.00000002032668318,0.00000002028766834,0.00000002811,0.00000008471
sk-2005,0.02,0.08,0.1,186399.7551,180825.4216,855289.3786,234194.4505,126293.6001,0.00000001288251341,0.000000007121843066,0.000000007486591081,0.00000000951,0.00000006651