graph,batch_deletions_fraction,batch_insertions_fraction,batch_fraction,sta-t,nai-t,tra-t,fro-t,frop-t,sta-e,nai-e,tra-e,fro-e,frop-e
webbase-2001,0.00000005,0.00000005,0.0000001,41807.52801,8942.947456,9806.297032,1745.920419,1099.322765,0.000000056,0.000000003920290916,0.00000000392147782,0.00000001231,0.00000000765
webbase-2001,0.0000005,0.0000005,0.000001,41337.00606,12330.58473,12512.80254,4774.635135,2605.823792,0.000000056,0.00000001268026364,0.00000001268026364,0.00000001291,0.00000001401
webbase-2001,0.000005,0.000005,0.00001,41989.26351,20144.32943,19359.4614,13705.7762,5302.527305,0.000000056,0.000000009399390031,0.000000009395515591,0.00000003771,0.00000002711
webbase-2001,0.00005,0.00005,0.0001,41339.39682,23208.7824,22584.21253,25411.16041,10773.15106,0.00000005613331355,0.00000002298955039,0.00000002299892623,0.00000001441,0.00000005221
webbase-2001,0.0005,0.0005,0.001,42663.68252,26152.90425,26148.5998,35538.41189,14628.10082,0.00000005713331389,0.0000001126890399,0.0000001126890399,0.00000028201,0.00000051701
webbase-2001,0.005,0.005,0.01,45925.74352,32281.36748,33035.5478,48828.94664,22120.40751,0.00000006613321578,0.0000003053144978,0.0000003053144978,0.00000052201,0.00000025901
webbase-2001,0.05,0.05,0.1,80656.2745,72938.60655,80106.10423,103507.7215,46335.59453,0.0000001158320002,0.0000002100317715,0.0000002100317715,0.00000022101,0.00000041101